{
  "SrtEntryCount": 548,
  "SrtTotalDuration": 1167.9872984,
  "SrtFilePath": null,
  "GeneratedAt": "2026-02-27T02:13:58.5078605Z"
}