{
  "SrtEntryCount": 555,
  "SrtTotalDuration": 1181.9870000000003,
  "SrtFilePath": null,
  "GeneratedAt": "2026-02-27T00:54:15.5517098Z"
}