{
  "SrtEntryCount": 555,
  "SrtTotalDuration": 1180.9870000000003,
  "SrtFilePath": null,
  "GeneratedAt": "2026-02-27T15:00:03.4783233Z"
}