{
  "SrtEntryCount": 495,
  "SrtTotalDuration": 1074.533999999999,
  "SrtFilePath": null,
  "GeneratedAt": "2026-02-23T01:50:27.3479732Z"
}